project_id;repo_url;reported_pm;sizing_mode;ref;ref_a;ref_b;since;until;has_ci;has_tests;has_docker;has_docs;has_audit;has_lintfmt;onchain_runtime;has_contracts;dep_consensus;dep_crosschain;dep_zkcrypto;dep_contract;ov_CPLX;ov_PVOL;notes
subsquare_maint;https://github.com/opensquare-network/subsquare;24.7;window;;;;2023-10-01;2024-10-01;1;1;0;1;0;1;0;0;0;1;0;0;;;P1 12mo maintenance slice. window net-delta OVERCOUNTS on a big active repo - treat size as upper bound
ask_v01;https://github.com/patractlabs/ask;6.9;whole;2021-02-22;;;;;1;1;0;1;0;1;0;1;0;0;0;1;;;P2 AssemblyScript ink! contract language greenfield v0.1 (has_contracts+dep_contract)
bagpipes;https://github.com/BagpipesOrg/app;9.97;whole;2024-03-01;;;;;1;0;0;1;0;1;0;0;0;1;0;0;;;P3 no-code XCM dApp builder React TS - proposed effort - dep_crosschain
dotreasury;https://github.com/opensquare-network/dotreasury;0.95;window;;;;2021-05-01;2021-08-01;1;1;0;1;0;1;0;0;0;0;0;0;;;P4 funded maintenance quarter 05-07.2021 (exact-diff ref release-2.3.1 was unresolvable -> window) treasury explorer Node TS
megaclite;https://github.com/patractlabs/megaclite;3.45;whole;2020-12-21;;;;;1;1;0;1;0;1;0;1;0;0;1;1;;;P5 ZKP crypto library Rust greenfield v0.1 - dep_zkcrypto -> synth PREC=L CPLX=VH
subsquare_newfeat;https://github.com/opensquare-network/subsquare;11.4;window;;;;2022-04-01;2023-07-31;1;1;0;1;0;1;0;0;0;1;0;0;;;P6 new-features slice same repo as P1 - window net-delta OVERCOUNTS - subsquare-share 1736h
fennel;https://github.com/fennelLabs/Fennel-Protocol;9.0;whole;37cc301f03ebd7eef83b589385fe566bfa777aa2;;;;;1;1;1;1;0;1;1;0;1;0;0;0;;;P7 Substrate Whiteflag chain Rust at Grant-1 delivery commit - onchain_runtime+consensus
elara;https://github.com/patractlabs/elara;4.6;whole;2020-12-31;;;;;1;0;0;1;0;1;0;0;0;0;0;0;;;P8 RPC access layer Infura-like Node TS greenfield - cutoff 2020-12-31 (after v0.1 26-Oct delivery - 2020-10-26 predated first commit so measured full repo)
remarker;https://github.com/Remarkers/Remarkers-market;7.24;whole;2024-09-19;;;;;1;0;0;1;0;1;0;0;0;1;0;0;;;P10 NFT marketplace Vue TS at proposal date - reuse risk
kheopswap;https://github.com/kheopswap/kheopswap;3.16;whole;2024-08-19;;;;;1;0;0;1;0;1;0;0;0;1;0;0;;;P11 Asset Hub DEX UI PAPI+smoldot greenfield at proposal date (CLEAN anchor A_local 0.157 raw-SLOC)
ink_analyzer;https://github.com/ink-analyzer/ink-analyzer;2.79;window;;;;2023-09-01;2024-04-01;1;1;0;1;0;1;0;0;0;0;0;0;;;P12 v5-support window - net-delta still OVERCOUNTS (all 7mo dev not v5-only) - upper bound - overrides stripped for baseline
dotcodeschool;https://github.com/iammasterbrucewayne/dotcodeschool;0.95;whole;2023-12-14;;;;;1;0;0;1;0;1;0;0;0;0;0;0;;;P13 interactive coding school Next.js TS PoC at proposal date
polkascan_explorer;https://github.com/polkascan/explorer-api;11.63;whole;;;;;;1;1;0;1;0;1;0;0;0;1;0;0;;;"Polkascan Explorer (6 Kusama milestones collapsed to 1); whole-repo at HEAD (upper bound). 6-milestone aggregate PM vs whole-repo-at-HEAD upper-bound sizing that still measures only 3.1 equiv KSLOC. Same class as dodao, flagged as a disclosed outlier (FLAGGED_OUTLIERS in calibrate_n45.py). NOTE CORRECTED 2026-08-08 (two fixes): (1) an earlier note here said this row was excluded from the primary fit on 2026-07-20 -- that outlier-driven exclusion was itself REVERTED later the same day per the standing rule against fit-driven exclusion (see calibrate_n45.py's REVERTED block); this point IS included in the record fit like every other non-EXCLUDED point, carried only as a disclosed outlier flag. (2) this row, polkascan_polkadapt, and polkascan_ui were found to share one funded scope (identical PM=11.63, confirmed by their own ""sum into polkascan total"" notes) but were never collapsed -- now registered as polkascan_AGG in SUM_SCOPE_GROUPS (KSLOC summed across all 3 repos, PM taken once), matching zgo_AGG/aeknow_AGG/ink_analyzer_779_AGG."
ideal_network;https://github.com/ideal-lab5/idn-sdk;13.29;whole;;;;;;1;1;0;1;0;1;1;0;1;1;1;0;;;"Ideal Network randomness runtime; 2020h actual; whole-repo at HEAD (active repo - upper bound)"
dodao;https://github.com/devopsdao/devopsdao;18.95;whole;;;;;;1;1;0;1;0;1;0;1;0;1;0;1;;;"DoDAO task-marketplace dApp (Moonbeam); 2880h; whole-repo at HEAD (active repo - upper bound)"
octopus;https://github.com/octopus-network/substrate-ibc;7.37;whole;;;;;;1;1;0;1;0;1;1;0;0;1;0;0;;;"Octopus Astar-Cosmos IBC bridge M1; 1120h; whole-repo (frozen deliverable repo)"
rfc_bot;https://github.com/pandres95/fellowship-referenda-bot;0.21;whole;;;;;;1;0;0;1;0;1;0;0;0;0;0;0;;;"RFC Referenda Matrix bot; 32h; whole-repo"
gitorial;https://github.com/gitorial-sdk/gitorial-vscode;0.55;whole;;;;;;1;0;0;1;0;1;0;0;0;0;0;0;;;"Gitorial VS Code extension (interactive git tutorials); 83h; whole-repo"
kitdot;https://github.com/w3b3d3v/kitdot;0.13;whole;;;;;;1;0;0;1;0;1;0;1;0;0;0;1;;;"Kitdot CLI scaffolding (PolkaVM/Solidity templates); 20h; whole-repo"
referendum_alert;https://github.com/Grahovacc/ReferendumAlert;0.25;whole;;;;;;1;0;0;1;0;1;0;0;0;0;0;0;;;"Referendum Alert TG bot; source-itemised 38h retro (30 dev+8 frontend); was 94h-corrected; whole-repo"
polkascan_polkadapt;https://github.com/polkascan/polkadapt;11.63;whole;;;;;;1;1;0;1;0;1;0;0;0;1;0;0;;;"Polkascan component 2/3 (PolkADAPT lib); size only - sum into polkascan total"
polkascan_ui;https://github.com/polkascan/polkascan-ui;11.63;whole;;;;;;1;1;0;1;0;1;0;0;0;1;0;0;;;"Polkascan component 3/3 (Explorer UI); size only - sum into polkascan total"
aeternity_sdk_q4_2024;https://github.com/aeternity/aepp-sdk-js;1.29;window;;;;2024-10-01;2024-12-31;1;1;0;1;0;1;0;1;0;0;0;1;;;"aeternity JS SDK Q4-2024; 196.45h itemised actual (final report); WINDOW churn Q4-2024 = matched scope (repo is multi-year, do NOT whole-size)"
aeternity_sdk_q2_2024;https://github.com/aeternity/aepp-sdk-js;2.53;window;;;;2024-04-01;2024-06-30;1;1;0;1;0;1;0;1;0;0;0;1;;;"aeternity JS SDK Q2-2024; 384.90h itemised; window Apr-Jun 2024; repeated-measure (same repo+dev)"
aeternity_sdk_q3_2024;https://github.com/aeternity/aepp-sdk-js;1.67;window;;;;2024-07-01;2024-09-30;1;1;0;1;0;1;0;1;0;0;0;1;;;"aeternity JS SDK Q3-2024; 253.38h itemised; window Jul-Sep 2024; single-dev repeated-measure"
aeternity_sdk_q2_2023;https://github.com/aeternity/aepp-sdk-js;2.71;window;;;;2023-04-01;2023-06-30;1;1;0;1;0;1;0;1;0;0;0;1;;;"aeternity JS SDK Q2-2023; 412.04h itemised; window Apr-Jun 2023; single-dev repeated-measure"
aeternity_sdk_dec2022;https://github.com/aeternity/aepp-sdk-js;2.26;window;;;;2022-12-01;2023-03-31;1;1;0;1;0;1;0;1;0;0;0;1;;;"aeternity JS SDK Dec2022-Mar2023; 342.77h itemised; window; single-dev repeated-measure"
aeternity_sdk_q4_2023;https://github.com/aeternity/aepp-sdk-js;0.76;window;;;;2023-10-01;2023-12-31;1;1;0;1;0;1;0;1;0;0;0;1;;;"aeternity JS SDK Q4-2023; 115.26h itemised; window Oct-Dec 2023; single-dev (Denis Davidyuk) repeated-measure"
aeternity_sdk_q1_2024;https://github.com/aeternity/aepp-sdk-js;2.28;window;;;;2024-01-01;2024-03-31;1;1;0;1;0;1;0;1;0;0;0;1;;;"aeternity JS SDK Q1-2024; 346.63h itemised (final report); window Jan-Mar 2024; single-dev repeated-measure"
aeknow_org;https://github.com/jdgcs/aeknow;1.00;window;;;;2020-05-01;2021-05-31;1;0;0;1;0;1;0;1;0;0;1;1;;;"AEKnow.org component (explorer/indexer/spiders); part of AEKnow 152h/1.0PM combined; window grant period; SUM with aeknow_chain for one point"
aeknow_chain;https://github.com/jdgcs/aeknow.chain;1.00;window;;;;2020-05-01;2021-05-31;1;0;0;1;0;1;0;1;0;0;1;1;;;"AEKnow.chain component (IPFS/AENS/token funcs); part of AEKnow combined point; window grant period; SUM with aeknow_org"
ae_mdw_dec22_mar23;https://github.com/aeternity/ae_mdw;9.17;window;;;;2022-12-01;2023-03-31;1;1;1;1;0;1;0;0;0;0;0;1;;;"aeternity middleware Dec2022-Mar2023; 1394.5h per-task itemised (forum t/11073); Elixir indexing middleware; WINDOW churn matched scope (repo since 2020); SUM 4 windows for one aggregate point"
ae_mdw_q2_2023;https://github.com/aeternity/ae_mdw;5.91;window;;;;2023-04-01;2023-06-30;1;1;1;1;0;1;0;0;0;0;0;1;;;"aeternity middleware Q2-2023; 898h itemised (forum t/11320); SUM with other ae_mdw windows"
ae_mdw_jul_2023;https://github.com/aeternity/ae_mdw;2.05;window;;;;2023-07-01;2023-07-31;1;1;1;1;0;1;0;0;0;0;0;1;;;"aeternity middleware Jul-2023; 312h itemised (forum t/11635); SUM with other ae_mdw windows"
ae_mdw_aug_oct_2023;https://github.com/aeternity/ae_mdw;2.95;window;;;;2023-08-01;2023-10-01;1;1;1;1;0;1;0;0;0;0;0;1;;;"aeternity middleware Aug-Oct 2023; 448h itemised (forum t/11693); reports end Oct 1 so window cuts there; SUM with other ae_mdw windows"
aeternity_sdk_q1_2025;https://github.com/aeternity/aepp-sdk-js;1.85;window;;;;2025-01-01;2025-03-23;1;1;0;1;0;1;0;1;0;0;0;1;;;"aeternity JS SDK Q1-2025 PROVISIONAL; 280.8h itemised weekly vs 285h approved (forum t/13203); title still [Active] - confirm closeout before pooling into SDK aggregate"
ae_node_q2q4_2021;https://github.com/aeternity/aeternity;15.21;window;;;;2021-05-04;2022-01-02;0;1;1;1;0;1;0;1;0;0;0;1;;;"[RECONSTRUCTED 2026-08-17 after accidental git reset --hard wiped this uncommitted row; PM/repo_url/driver-flags re-verified against dissect_cache + dissect_<id>.json, not guessed.] aeternity core-node maintenance, NODE-attributed subset of itemised per-person hours (forum t/9328, 118 entries hand-categorized from 683-entry panel window covers all reported weeks). [note truncated at original ~140 chars in the only surviving quote; verify full text against forum t/9328 before citing further detail.] [Since/until verified 2026-08-17 against primary source (aeternity forum thread / OpenGov referendum / calibrate_n45.py's own SUM_SCOPE_GROUPS comment) -- supersedes the earlier resolved-commit approximation.]"
ae_node_q1_2022;https://github.com/aeternity/aeternity;9.81;window;;;;2022-01-03;2022-03-31;0;1;1;1;0;1;0;1;0;0;0;1;;;"[RECONSTRUCTED 2026-08-17 after accidental git reset --hard wiped this uncommitted row; PM/repo_url/driver-flags re-verified against dissect_cache + dissect_<id>.json, not guessed.] aeternity core-node maintenance, NODE-attributed subset of itemised per-person hours (forum t/10376, 59 entries hand-categorized from 683-entry panel). [truncated; verify against forum t/10376.] [Since/until verified 2026-08-17 against primary source (aeternity forum thread / OpenGov referendum / calibrate_n45.py's own SUM_SCOPE_GROUPS comment) -- supersedes the earlier resolved-commit approximation.]"
ae_node_q2_2022;https://github.com/aeternity/aeternity;9.47;window;;;;2022-04-01;2022-06-30;0;1;1;1;0;1;0;1;0;0;0;1;;;"[RECONSTRUCTED 2026-08-17 after accidental git reset --hard wiped this uncommitted row; PM/repo_url/driver-flags re-verified against dissect_cache + dissect_<id>.json, not guessed.] aeternity core-node maintenance, NODE-attributed subset of itemised per-person hours (forum t/10560, 55 entries hand-categorized from 683-entry panel). [truncated; verify against forum t/10560.] [Since/until verified 2026-08-17 against primary source (aeternity forum thread / OpenGov referendum / calibrate_n45.py's own SUM_SCOPE_GROUPS comment) -- supersedes the earlier resolved-commit approximation.] [Driver flags re-derived at the corrected commit boundary 2026-08-17; KSLOC remeasurement to follow in this same pass.]"
ae_node_q3_2022;https://github.com/aeternity/aeternity;8.83;window;;;;2022-07-04;2022-10-02;0;1;1;1;0;1;0;1;0;0;0;1;;;"[RECONSTRUCTED 2026-08-17 after accidental git reset --hard wiped this uncommitted row; PM/repo_url/driver-flags re-verified against dissect_cache + dissect_<id>.json, not guessed.] aeternity core-node maintenance, NODE-attributed subset of itemised per-person hours (forum t/10740, 66 entries hand-categorized from 683-entry panel). [truncated; verify against forum t/10740.] [Since/until verified 2026-08-17 against primary source (aeternity forum thread / OpenGov referendum / calibrate_n45.py's own SUM_SCOPE_GROUPS comment) -- supersedes the earlier resolved-commit approximation.]"
ae_node_q4_2022;https://github.com/aeternity/aeternity;8.67;window;;;;2022-10-01;2022-12-31;0;1;1;1;0;1;0;1;0;0;0;1;;;"[RECONSTRUCTED 2026-08-17 after accidental git reset --hard wiped this uncommitted row; PM/repo_url/driver-flags re-verified against dissect_cache + dissect_<id>.json, not guessed.] aeternity core-node maintenance, NODE-attributed subset (forum t/11047, 67 entries). Panel-authored=19.7% RAW (heavily contaminated by PR #3...). [truncated; verify against forum t/11047.] [Since/until verified 2026-08-17 against primary source (aeternity forum thread / OpenGov referendum / calibrate_n45.py's own SUM_SCOPE_GROUPS comment) -- supersedes the earlier resolved-commit approximation.]"
ae_node_q1_2023;https://github.com/aeternity/aeternity;7.06;window;;;;2023-01-25;2023-03-26;0;1;1;1;0;1;0;1;0;0;0;1;;;"[RECONSTRUCTED 2026-08-17 after accidental git reset --hard wiped this uncommitted row; PM/repo_url/driver-flags re-verified against dissect_cache + dissect_<id>.json, not guessed.] aeternity core-node maintenance, NODE-attributed subset of itemised per-person hours (forum t/11198, 70 entries hand-categorized from 683-entry panel). [truncated; verify against forum t/11198.] [Since/until verified 2026-08-17 against primary source (aeternity forum thread / OpenGov referendum / calibrate_n45.py's own SUM_SCOPE_GROUPS comment) -- supersedes the earlier resolved-commit approximation.] [Driver flags re-derived at the corrected commit boundary 2026-08-17; KSLOC remeasurement to follow in this same pass.]"
ae_node_q2_2023;https://github.com/aeternity/aeternity;9.7;window;;;;2023-04-21;2023-06-25;0;1;1;1;0;1;0;1;0;0;0;1;;;"[RECONSTRUCTED 2026-08-17 after accidental git reset --hard wiped this uncommitted row; PM/repo_url/driver-flags re-verified against dissect_cache + dissect_<id>.json, not guessed.] aeternity core-node maintenance, NODE-attributed subset of itemised per-person hours (forum t/11354, 68 entries hand-categorized from 683-entry panel). [truncated; verify against forum t/11354.] [Since/until verified 2026-08-17 against primary source (aeternity forum thread / OpenGov referendum / calibrate_n45.py's own SUM_SCOPE_GROUPS comment) -- supersedes the earlier resolved-commit approximation.] [Driver flags re-derived at the corrected commit boundary 2026-08-17; KSLOC remeasurement to follow in this same pass.]"
ae_node_q3_2023;https://github.com/aeternity/aeternity;6.95;window;;;;2023-07-03;2023-10-01;0;1;1;1;0;1;0;1;0;0;0;1;;;"[RECONSTRUCTED 2026-08-17 after accidental git reset --hard wiped this uncommitted row; PM/repo_url/driver-flags re-verified against dissect_cache + dissect_<id>.json, not guessed.] aeternity core-node maintenance, NODE-attributed subset of itemised per-person hours (forum t/11708, 43 entries hand-categorized from 683-entry panel). [truncated; verify against forum t/11708.] [Since/until verified 2026-08-17 against primary source (aeternity forum thread / OpenGov referendum / calibrate_n45.py's own SUM_SCOPE_GROUPS comment) -- supersedes the earlier resolved-commit approximation.]"
ae_node_q4_2023;https://github.com/aeternity/aeternity;4.4;window;;;;2023-10-02;2023-12-24;0;1;1;1;0;1;0;1;0;0;0;1;;;"[RECONSTRUCTED 2026-08-17 after accidental git reset --hard wiped this uncommitted row; PM/repo_url/driver-flags re-verified against dissect_cache + dissect_<id>.json, not guessed.] aeternity core-node maintenance, NODE-attributed subset of itemised per-person hours (forum t/11778, 47 entries hand-categorized from 683-entry panel). [truncated; verify against forum t/11778.] [Since/until verified 2026-08-17 against primary source (aeternity forum thread / OpenGov referendum / calibrate_n45.py's own SUM_SCOPE_GROUPS comment) -- supersedes the earlier resolved-commit approximation.]"
algocash;https://github.com/ReserveLabs/AlgoCash;2.25;whole;9dcb2061aa9a1d51fe86bc8b114e90fb94cf0021;;;;;0;1;0;0;0;0;0;1;0;0;0;1;;;"[RECONSTRUCTED 2026-08-17 after accidental git reset --hard wiped this uncommitted row; PM/repo_url/driver-flags re-verified against dissect_cache + dissect_<id>.json, not guessed.] Original provenance narrative (funding source detail, hour/scope breakdown) not recoverable from any safe surviving source -- notes field left minimal deliberately rather than guessed. Re-verify against the primary source (grant application / delivery record / governance proposal) before this row is cited in any publication."
dot_login;https://github.com/singkeo/dot-login-substrate-node;18.0;whole;7451fb5d5a16427094fe3691488c3a9b2dafdb50;;;;;1;0;0;1;0;1;1;0;1;0;1;0;;;"OAuth2-to-Substrate wallet pallets (zkEphemeralKeys/address/jwtValidation/JWK) - M1 only, M2/M3 were future-grant scope never funded here - corrected from false REJECT (wrong search term missed hyphenated filename). PM=18.0 confirmed correctly sourced (funded Development Roadmap contains ONLY M1, 6mo x 3 FTE - M2/3/4 are under a separate Future Plans section, never funded) and the delivery doc's second repo singkeo/dot-login was found+measured (466 lines, does not change the picture) - the proposal estimate is simply implausible vs the delivered ~2.6 KSLOC (~0.9 lines/hour), flagged as a disclosed outlier (FLAGGED_OUTLIERS in calibrate_n45.py). NOTE CORRECTED 2026-08-08: an earlier same-day note here said this row was excluded from the primary fit on 2026-07-20 -- that outlier-driven exclusion was itself REVERTED later the same day per the standing rule against fit-driven exclusion (see calibrate_n45.py's REVERTED block and 6. Logs/CALIBRATION_FIT_n45_2026-07-20.md); dot_login IS included in the current primary/record fit like every other non-EXCLUDED point, carried only as a disclosed outlier flag, not removed. [RECONSTRUCTED 2026-08-17 after accidental git reset --hard wiped this uncommitted row; PM/repo_url/driver-flags re-verified against dissect_cache + dissect_<id>.json, not guessed.] "
dotpay;https://github.com/bytepayment/bytepay;10.0;whole;216386fc5d86c4e01c6d424914403fe60d5354fb;;;;;0;1;1;1;0;1;0;0;0;0;0;1;;;"[RECONSTRUCTED 2026-08-17 after accidental git reset --hard wiped this uncommitted row; PM/repo_url/driver-flags re-verified against dissect_cache + dissect_<id>.json, not guessed.] Original provenance narrative (funding source detail, hour/scope breakdown) not recoverable from any safe surviving source -- notes field left minimal deliberately rather than guessed. Re-verify against the primary source (grant application / delivery record / governance proposal) before this row is cited in any publication."
escrow_pallet;https://github.com/herou/EscrowPallet;3.0;whole;5d4d90005318cd10388ec361f4d6d7fce288345a;;;;;1;0;1;1;0;1;1;0;1;0;0;0;;;"[RECONSTRUCTED 2026-08-17 after accidental git reset --hard wiped this uncommitted row; PM/repo_url/driver-flags re-verified against dissect_cache + dissect_<id>.json, not guessed.] Original provenance narrative (funding source detail, hour/scope breakdown) not recoverable from any safe surviving source -- notes field left minimal deliberately rather than guessed. Re-verify against the primary source (grant application / delivery record / governance proposal) before this row is cited in any publication."
ink_analyzer_779_main;https://github.com/ink-analyzer/ink-analyzer;5.974;window;;;;2024-04-01;2024-05-16;1;1;1;0;0;1;0;0;0;0;0;1;;;"[RECONSTRUCTED 2026-08-17 after accidental git reset --hard wiped this uncommitted row; PM/repo_url/driver-flags re-verified against dissect_cache + dissect_<id>.json, not guessed.] Referendum 779, main ink-analyzer repo component of a same-scope-multi-repo retroactive grant (see ink_analyzer_779_vscode for the companion VS Code extension repo). Full original note text not recovered -- verify against referendum 779 before citing further detail. [Since/until verified 2026-08-17 against primary source (aeternity forum thread / OpenGov referendum / calibrate_n45.py's own SUM_SCOPE_GROUPS comment) -- supersedes the earlier resolved-commit approximation.]"
ink_analyzer_779_vscode;https://github.com/ink-analyzer/ink-vscode;5.974;window;;;;2024-04-01;2024-05-16;1;1;0;0;0;1;0;0;0;0;0;1;;;"[RECONSTRUCTED 2026-08-17 after accidental git reset --hard wiped this uncommitted row; PM/repo_url/driver-flags re-verified against dissect_cache + dissect_<id>.json, not guessed.] Referendum 779 companion repo - see ink_analyzer_779_main notes for full context. VS Code extension component of the same retroactive grant. 9 commits in-window (version bumps tied...). [truncated; verify against referendum 779.] [Since/until verified 2026-08-17 against primary source (aeternity forum thread / OpenGov referendum / calibrate_n45.py's own SUM_SCOPE_GROUPS comment) -- supersedes the earlier resolved-commit approximation.]"
kodadot_m2;https://github.com/kodadot/stick;6.0;window;;;;2024-02-18;2024-08-02;1;1;1;0;0;1;0;0;0;0;0;0;;;"[RECONSTRUCTED 2026-08-17 after accidental git reset --hard wiped this uncommitted row; PM/repo_url/driver-flags re-verified against dissect_cache + dissect_<id>.json, not guessed.] Original provenance narrative (funding source detail, hour/scope breakdown) not recoverable from any safe surviving source -- notes field left minimal deliberately rather than guessed. Re-verify against the primary source (grant application / delivery record / governance proposal) before this row is cited in any publication."
paraspell_maint_2025_26;https://github.com/paraspell/xcm-tools;37.9;window;;;;2025-07-01;2026-06-29;1;1;0;0;0;1;0;0;1;1;0;1;;;"[RECONSTRUCTED 2026-08-17 after accidental git reset --hard wiped this uncommitted row; PM/repo_url/driver-flags re-verified against dissect_cache + dissect_<id>.json, not guessed.] ADMITTED as the first pipeline-found row (search funnel milestone 4-5). OpenGov referendum 1641 'ParaSpell XCM Tools - 12 Months of Maintenance' (Executed, funded 2025-06-30, term 2025-07 to 2026-06 complete, renewal referendum 1916 evidences delivery). Effort: rate-based '$11500 per month at $23.95...'. [truncated; verify full rate/hours derivation against referendum 1641.]"
reactivedot_r1_812;https://github.com/buffed-labs/reactive-dot;2.11;window;;;;;2024-07-24;1;1;0;1;0;1;0;0;0;0;0;1;;;"[RECONSTRUCTED 2026-08-17 after accidental git reset --hard wiped this uncommitted row; PM/repo_url/driver-flags re-verified against dissect_cache + dissect_<id>.json, not guessed.] ADMITTED, 2nd pipeline-found panel (1/6). OpenGov referendum 812 'A reactive library for building Substrate front-end', Executed. GENESIS round: repo buffed-labs/reactive-dot (renamed from tien/) created 2024-06-09, 3 days after this referendum. 8 weeks / ~320 hours stated. Single dev Tien Nguyen Kh... [truncated; verify against referendum 812.]"
reactivedot_r2_948;https://github.com/buffed-labs/reactive-dot;4.58;window;;;;2024-08-01;2024-11-30;1;1;0;1;0;1;0;0;0;0;1;1;;;"[RECONSTRUCTED 2026-08-17 after accidental git reset --hard wiped this uncommitted row; PM/repo_url/driver-flags re-verified against dissect_cache + dissect_<id>.json, not guessed.] ADMITTED, 2nd pipeline-found panel (2/6). Referendum 948, Executed. 4 months / 87 workdays / 696 hours stated. See reactivedot_r1_812 for panel context. [truncated; verify against referendum 948.]"
reactivedot_r3_1334;https://github.com/buffed-labs/reactive-dot;3.42;window;;;;2024-12-01;2025-02-28;1;1;0;1;0;1;0;0;0;0;1;1;;;"[RECONSTRUCTED 2026-08-17 after accidental git reset --hard wiped this uncommitted row; PM/repo_url/driver-flags re-verified against dissect_cache + dissect_<id>.json, not guessed.] ADMITTED, 2nd pipeline-found panel (3/6). Referendum 1334, Executed. Stated period 'Dec 2024 to March 2025' but duration explicitly 3 months. [truncated; verify against referendum 1334.]"
reactivedot_r4_1477;https://github.com/buffed-labs/reactive-dot;4.53;window;;;;2025-03-01;2025-06-30;1;1;0;1;0;1;0;1;0;0;1;1;;;"[RECONSTRUCTED 2026-08-17 after accidental git reset --hard wiped this uncommitted row; PM/repo_url/driver-flags re-verified against dissect_cache + dissect_<id>.json, not guessed.] ADMITTED, 2nd pipeline-found panel (4/6). Referendum 1477, Executed. 4 months / 86 workdays / 688 hours stated. Largest single commits this window. [truncated; verify against referendum 1477.] [Since/until verified 2026-08-17 against primary source (aeternity forum thread / OpenGov referendum / calibrate_n45.py's own SUM_SCOPE_GROUPS comment) -- supersedes the earlier resolved-commit approximation.]"
reactivedot_r5_1625;https://github.com/buffed-labs/reactive-dot;4.68;window;;;;2025-07-01;2025-10-31;1;1;0;1;0;1;0;1;0;0;1;1;;;"[RECONSTRUCTED 2026-08-17 after accidental git reset --hard wiped this uncommitted row; PM/repo_url/driver-flags re-verified against dissect_cache + dissect_<id>.json, not guessed.] ADMITTED, 2nd pipeline-found panel (5/6). Referendum 1625, Executed. 4 months / 89 workdays / 712 hours stated. See reactivedot_r1_812 for panel context. [truncated; verify against referendum 1625.] [Since/until verified 2026-08-17 against primary source (aeternity forum thread / OpenGov referendum / calibrate_n45.py's own SUM_SCOPE_GROUPS comment) -- supersedes the earlier resolved-commit approximation.]"
reactivedot_r6_1800;https://github.com/buffed-labs/reactive-dot;1.3;window;;;;2025-11-01;2026-01-31;1;1;0;1;0;1;0;1;0;0;1;1;;;"[RECONSTRUCTED 2026-08-17 after accidental git reset --hard wiped this uncommitted row; PM/repo_url/driver-flags re-verified against dissect_cache + dissect_<id>.json, not guessed.] ADMITTED, 2nd pipeline-found panel (6/6, final to date). Referendum 1800, Executed. 3 months stated but itemised budget table gives 198 hours. [truncated; verify against referendum 1800.] [Since/until verified 2026-08-17 against primary source (aeternity forum thread / OpenGov referendum / calibrate_n45.py's own SUM_SCOPE_GROUPS comment) -- supersedes the earlier resolved-commit approximation.]"
sandox_ide;https://github.com/sandoxio/sandox;16.0;whole;b904b98f71321c171a78d3ea87bd94abad059de9;;;;;0;0;0;0;0;0;0;0;1;0;0;1;;;"[RECONSTRUCTED 2026-08-17 after accidental git reset --hard wiped this uncommitted row; PM/repo_url/driver-flags re-verified against dissect_cache + dissect_<id>.json, not guessed.] Original provenance narrative (funding source detail, hour/scope breakdown) not recoverable from any safe surviving source -- notes field left minimal deliberately rather than guessed. Re-verify against the primary source (grant application / delivery record / governance proposal) before this row is cited in any publication."
scout_poc;https://github.com/CoinFabrik/web3-grant;5.0;whole;f37be295455ce4a86ce2d0b6fb94c55128fc71c8;;;;;1;0;0;0;0;0;0;0;0;0;0;1;;;"[RECONSTRUCTED 2026-08-17 after accidental git reset --hard wiped this uncommitted row; PM/repo_url/driver-flags re-verified against dissect_cache + dissect_<id>.json, not guessed.] ink! vulnerability detection tool (curated vuln list + example vulnerable contracts + PoC detectors) - M1 only, M2 (ScoutCoinFabrik_2) is a separate un-admitted candidate on same repo"
subsmt;https://github.com/farcloud-labs/subsmt;3.0;whole;ab6480af10e1a3b7665c49ceca5da2dd7675b54d;;;;;0;0;1;1;0;0;0;0;0;0;1;1;;;"[RECONSTRUCTED 2026-08-17 after accidental git reset --hard wiped this uncommitted row; PM/repo_url/driver-flags re-verified against dissect_cache + dissect_<id>.json, not guessed.] Original provenance narrative (funding source detail, hour/scope breakdown) not recoverable from any safe surviving source -- notes field left minimal deliberately rather than guessed. Re-verify against the primary source (grant application / delivery record / governance proposal) before this row is cited in any publication."
tdot;https://github.com/nutsfinance/stable-asset;2.0;window;;;;2022-05-24;2022-09-30;0;0;1;0;0;0;1;0;1;0;0;1;;;"[RECONSTRUCTED 2026-08-17 after accidental git reset --hard wiped this uncommitted row; PM/repo_url/driver-flags re-verified against dissect_cache + dissect_<id>.json, not guessed.] Original provenance narrative (funding source detail, hour/scope breakdown) not recoverable from any safe surviving source -- notes field left minimal deliberately rather than guessed. Re-verify against the primary source (grant application / delivery record / governance proposal) before this row is cited in any publication."
w3f_dtss;https://github.com/Fiono11/decentralized_threshold_signing_service;3.0;whole;8f735e2365364c0d2fd253c3127f755dc1d09ac1;;;;;0;1;1;0;0;0;0;0;0;0;0;0;;;"[RECONSTRUCTED 2026-08-17 after accidental git reset --hard wiped this uncommitted row; PM/repo_url/driver-flags re-verified against dissect_cache + dissect_<id>.json, not guessed.] Original provenance narrative (funding source detail, hour/scope breakdown) not recoverable from any safe surviving source -- notes field left minimal deliberately rather than guessed. Re-verify against the primary source (grant application / delivery record / governance proposal) before this row is cited in any publication."
w3f_faucet;https://github.com/karooolis/sybil-resistant-substrate-faucet;1.0;whole;a9c7b2fc87df5c0213595fef27d2f262774c4240;;;;;0;1;0;0;0;1;0;0;0;0;0;0;;;"[RECONSTRUCTED 2026-08-17 after accidental git reset --hard wiped this uncommitted row; PM/repo_url/driver-flags re-verified against dissect_cache + dissect_<id>.json, not guessed.] Original provenance narrative (funding source detail, hour/scope breakdown) not recoverable from any safe surviving source -- notes field left minimal deliberately rather than guessed. Re-verify against the primary source (grant application / delivery record / governance proposal) before this row is cited in any publication."
w3f_libra;https://github.com/atscaletech/libra;6.0;whole;af806ee6c8580824329eeb06b30b1bf7b1c13054;;;;;1;0;1;0;0;1;1;0;1;0;0;0;;;"[RECONSTRUCTED 2026-08-17 after accidental git reset --hard wiped this uncommitted row; PM/repo_url/driver-flags re-verified against dissect_cache + dissect_<id>.json, not guessed.] Original provenance narrative (funding source detail, hour/scope breakdown) not recoverable from any safe surviving source -- notes field left minimal deliberately rather than guessed. Re-verify against the primary source (grant application / delivery record / governance proposal) before this row is cited in any publication."
w3f_primis;https://github.com/Primis-Labs/client;4.15;whole;c125bf3ae939ae62bdfe46f5326fb9c713336491;;;;;0;1;0;1;0;0;0;0;1;0;0;1;;;"[RECONSTRUCTED 2026-08-17 after accidental git reset --hard wiped this uncommitted row; PM/repo_url/driver-flags re-verified against dissect_cache + dissect_<id>.json, not guessed.] Original provenance narrative (funding source detail, hour/scope breakdown) not recoverable from any safe surviving source -- notes field left minimal deliberately rather than guessed. Re-verify against the primary source (grant application / delivery record / governance proposal) before this row is cited in any publication."
w3f_tokenguard_frontend;https://github.com/tokenguardio/dashboard-creator-client;2.0;whole;97b40e62db9e078480a9f4a0e4f712d5c51b8d72;;;;;1;1;1;0;0;1;0;0;1;0;0;1;;;"[RECONSTRUCTED 2026-08-17 after accidental git reset --hard wiped this uncommitted row; PM/repo_url/driver-flags re-verified against dissect_cache + dissect_<id>.json, not guessed.] Original provenance narrative (funding source detail, hour/scope breakdown) not recoverable from any safe surviving source -- notes field left minimal deliberately rather than guessed. Re-verify against the primary source (grant application / delivery record / governance proposal) before this row is cited in any publication."
w3f_validators_selection;https://github.com/miepsik/validators_selection;1.58;whole;0c153ece516a2050a2aa53cac341ec47bba6e5da;;;;;0;1;1;0;0;0;0;0;0;0;0;0;;;"[RECONSTRUCTED 2026-08-17 after accidental git reset --hard wiped this uncommitted row; PM/repo_url/driver-flags re-verified against dissect_cache + dissect_<id>.json, not guessed.] Original provenance narrative (funding source detail, hour/scope breakdown) not recoverable from any safe surviving source -- notes field left minimal deliberately rather than guessed. Re-verify against the primary source (grant application / delivery record / governance proposal) before this row is cited in any publication."
zcg_zecnam_zair;https://github.com/equilibriumco/zair;5.0;window;;;;;2026-04-24;1;1;0;1;1;1;0;0;0;1;1;1;;;"[RECONSTRUCTED 2026-08-17 after accidental git reset --hard wiped this uncommitted row; PM/repo_url/driver-flags re-verified against dissect_cache + dissect_<id>.json, not guessed.] ZCG grant #116 'ZEC-NAM shielded airdrop protocol' (Eiger/Equilibrium Group, $150k, completed 2026-04-27, label Grant Complete). Effort: '5 months of engineer work in total' at $30k/engineer/month = 5.0 PM. CROSS-VALIDATED against commit cadence: relay pattern (Angelos Dec-Jan, Michael Feb+Apr, Jona...). [truncated; verify against ZCG grant #116.]"
zcg_zenith_2025;https://code.vergara.tech/Vergara_Tech/zenith;9.47;window;;;;2024-12-17;2026-02-03;0;1;0;0;0;0;0;0;0;0;0;0;;;"[RECONSTRUCTED 2026-08-17 after accidental git reset --hard wiped this uncommitted row; PM/repo_url/driver-flags re-verified against dissect_cache + dissect_<id>.json, not guessed.] Original provenance narrative (funding source detail, hour/scope breakdown) not recoverable from any safe surviving source -- notes field left minimal deliberately rather than guessed. Re-verify against the primary source (grant application / delivery record / governance proposal) before this row is cited in any publication."
zcg_zgo_frontend_2025;https://code.vergara.tech/Vergara_Tech/zgo-frontend;9.47;window;;;;;2026-01-14;0;1;0;0;0;0;0;0;0;0;0;0;;;"[RECONSTRUCTED 2026-08-17 after accidental git reset --hard wiped this uncommitted row; PM/repo_url/driver-flags re-verified against dissect_cache + dissect_<id>.json, not guessed.] Original provenance narrative (funding source detail, hour/scope breakdown) not recoverable from any safe surviving source -- notes field left minimal deliberately rather than guessed. Re-verify against the primary source (grant application / delivery record / governance proposal) before this row is cited in any publication."
zcg_zgo_ng_2025;https://code.vergara.tech/Vergara_Tech/zgo-ng;9.47;window;;;;;2026-01-30;0;1;0;0;0;0;0;0;0;0;0;0;;;"[RECONSTRUCTED 2026-08-17 after accidental git reset --hard wiped this uncommitted row; PM/repo_url/driver-flags re-verified against dissect_cache + dissect_<id>.json, not guessed.] Component 1/3: complete ZGo backend rewrite (Haskell/servant, greenfield repo born 2025-07-24 in-window). ZCG grant #137 'ZGo 2025 (Retroactive)' - RETROACTIVE grant for completed work, 1440 person-hours stated at $95/hr (grantee's retrospective estimate of actual effort, not a timesheet). [truncated; verify against ZCG grant #137.]"
